[
  {
    "pk": 11,
    "model": "flooding_worker.workflow",
    "fields": {
      "code": "25",
      "scenario": 25,
      "tfinished": null,
      "priority": 20,
      "tstart": null,
      "logging_level": null
    }
  },
  {
    "pk": 12,
    "model": "flooding_worker.workflow",
    "fields": {
      "code": "25",
      "scenario": 25,
      "tfinished": null,
      "priority": 20,
      "tstart": null,
      "logging_level": null
    }
  },
  {
    "pk": 13,
    "model": "flooding_worker.workflow",
    "fields": {
      "code": "25",
      "scenario": 25,
      "tfinished": null,
      "priority": 20,
      "tstart": null,
      "logging_level": null
    }
  },
  {
    "pk": 14,
    "model": "flooding_worker.workflow",
    "fields": {
      "code": "25",
      "scenario": 25,
      "tfinished": null,
      "priority": 20,
      "tstart": null,
      "logging_level": null
    }
  },
  {
    "pk": 15,
    "model": "flooding_worker.workflow",
    "fields": {
      "code": "25",
      "scenario": 25,
      "tfinished": null,
      "priority": 20,
      "tstart": null,
      "logging_level": null
    }
  },
  {
    "pk": 16,
    "model": "flooding_worker.workflow",
    "fields": {
      "code": "25",
      "scenario": 25,
      "tfinished": null,
      "priority": 20,
      "tstart": null,
      "logging_level": null
    }
  },
  {
    "pk": 17,
    "model": "flooding_worker.workflow",
    "fields": {
      "code": "25",
      "scenario": 25,
      "tfinished": null,
      "priority": 20,
      "tstart": null,
      "logging_level": null
    }
  },
  {
    "pk": 18,
    "model": "flooding_worker.workflow",
    "fields": {
      "code": "25",
      "scenario": 25,
      "tfinished": null,
      "priority": 20,
      "tstart": null,
      "logging_level": null
    }
  },
  {
    "pk": 19,
    "model": "flooding_worker.workflow",
    "fields": {
      "code": "25",
      "scenario": 25,
      "tfinished": null,
      "priority": 20,
      "tstart": null,
      "logging_level": null
    }
  },
  {
    "pk": 20,
    "model": "flooding_worker.workflow",
    "fields": {
      "code": "25",
      "scenario": 25,
      "tfinished": null,
      "priority": 20,
      "tstart": null,
      "logging_level": null
    }
  },
  {
    "pk": 21,
    "model": "flooding_worker.workflow",
    "fields": {
      "code": "25",
      "scenario": 25,
      "tfinished": null,
      "priority": 20,
      "tstart": null,
      "logging_level": null
    }
  },
  {
    "pk": 22,
    "model": "flooding_worker.workflow",
    "fields": {
      "code": "25",
      "scenario": 25,
      "tfinished": null,
      "priority": 20,
      "tstart": null,
      "logging_level": null
    }
  },
  {
    "pk": 23,
    "model": "flooding_worker.workflow",
    "fields": {
      "code": "25",
      "scenario": 25,
      "tfinished": null,
      "priority": 20,
      "tstart": null,
      "logging_level": null
    }
  },
  {
    "pk": 24,
    "model": "flooding_worker.workflow",
    "fields": {
      "code": "25",
      "scenario": 25,
      "tfinished": null,
      "priority": 20,
      "tstart": null,
      "logging_level": null
    }
  },
  {
    "pk": 25,
    "model": "flooding_worker.workflow",
    "fields": {
      "code": "25",
      "scenario": 25,
      "tfinished": null,
      "priority": 20,
      "tstart": null,
      "logging_level": null
    }
  },
  {
    "pk": 26,
    "model": "flooding_worker.workflow",
    "fields": {
      "code": "25",
      "scenario": 25,
      "tfinished": null,
      "priority": 20,
      "tstart": null,
      "logging_level": null
    }
  },
  {
    "pk": 27,
    "model": "flooding_worker.workflow",
    "fields": {
      "code": "25",
      "scenario": 25,
      "tfinished": null,
      "priority": 20,
      "tstart": null,
      "logging_level": null
    }
  },
  {
    "pk": 28,
    "model": "flooding_worker.workflow",
    "fields": {
      "code": "25",
      "scenario": 25,
      "tfinished": null,
      "priority": 20,
      "tstart": null,
      "logging_level": null
    }
  },
  {
    "pk": 29,
    "model": "flooding_worker.workflow",
    "fields": {
      "code": "25",
      "scenario": 25,
      "tfinished": null,
      "priority": 20,
      "tstart": null,
      "logging_level": null
    }
  },
  {
    "pk": 30,
    "model": "flooding_worker.workflow",
    "fields": {
      "code": "25",
      "scenario": 25,
      "tfinished": null,
      "priority": 20,
      "tstart": null,
      "logging_level": null
    }
  },
  {
    "pk": 31,
    "model": "flooding_worker.workflow",
    "fields": {
      "code": "25",
      "scenario": 25,
      "tfinished": null,
      "priority": 20,
      "tstart": null,
      "logging_level": null
    }
  },
  {
    "pk": 32,
    "model": "flooding_worker.workflow",
    "fields": {
      "code": "25",
      "scenario": 25,
      "tfinished": null,
      "priority": 20,
      "tstart": null,
      "logging_level": null
    }
  },
  {
    "pk": 33,
    "model": "flooding_worker.workflow",
    "fields": {
      "code": "25",
      "scenario": 25,
      "tfinished": null,
      "priority": 20,
      "tstart": null,
      "logging_level": null
    }
  },
  {
    "pk": 34,
    "model": "flooding_worker.workflow",
    "fields": {
      "code": "25",
      "scenario": 25,
      "tfinished": null,
      "priority": 20,
      "tstart": null,
      "logging_level": null
    }
  },
  {
    "pk": 35,
    "model": "flooding_worker.workflow",
    "fields": {
      "code": "25",
      "scenario": 25,
      "tfinished": null,
      "priority": 20,
      "tstart": null,
      "logging_level": null
    }
  },
  {
    "pk": 36,
    "model": "flooding_worker.workflow",
    "fields": {
      "code": "25",
      "scenario": 25,
      "tfinished": null,
      "priority": 20,
      "tstart": null,
      "logging_level": null
    }
  },
  {
    "pk": 37,
    "model": "flooding_worker.workflow",
    "fields": {
      "code": "25",
      "scenario": 25,
      "tfinished": null,
      "priority": 20,
      "tstart": null,
      "logging_level": null
    }
  },
  {
    "pk": 38,
    "model": "flooding_worker.workflow",
    "fields": {
      "code": "25",
      "scenario": 25,
      "tfinished": null,
      "priority": 20,
      "tstart": null,
      "logging_level": null
    }
  },
  {
    "pk": 39,
    "model": "flooding_worker.workflow",
    "fields": {
      "code": "25",
      "scenario": 25,
      "tfinished": null,
      "priority": 20,
      "tstart": null,
      "logging_level": null
    }
  },
  {
    "pk": 40,
    "model": "flooding_worker.workflow",
    "fields": {
      "code": "25",
      "scenario": 25,
      "tfinished": null,
      "priority": 20,
      "tstart": null,
      "logging_level": null
    }
  },
  {
    "pk": 41,
    "model": "flooding_worker.workflow",
    "fields": {
      "code": "25",
      "scenario": 25,
      "tfinished": null,
      "priority": 20,
      "tstart": null,
      "logging_level": null
    }
  },
  {
    "pk": 42,
    "model": "flooding_worker.workflow",
    "fields": {
      "code": "25",
      "scenario": 25,
      "tfinished": null,
      "priority": 20,
      "tstart": null,
      "logging_level": null
    }
  },
  {
    "pk": 43,
    "model": "flooding_worker.workflow",
    "fields": {
      "code": "25",
      "scenario": 25,
      "tfinished": null,
      "priority": 20,
      "tstart": null,
      "logging_level": null
    }
  },
  {
    "pk": 44,
    "model": "flooding_worker.workflow",
    "fields": {
      "code": "25",
      "scenario": 25,
      "tfinished": null,
      "priority": 20,
      "tstart": null,
      "logging_level": null
    }
  },
  {
    "pk": 45,
    "model": "flooding_worker.workflow",
    "fields": {
      "code": "25",
      "scenario": 25,
      "tfinished": null,
      "priority": 20,
      "tstart": null,
      "logging_level": null
    }
  },
  {
    "pk": 46,
    "model": "flooding_worker.workflow",
    "fields": {
      "code": "25",
      "scenario": 25,
      "tfinished": null,
      "priority": 20,
      "tstart": null,
      "logging_level": null
    }
  },
  {
    "pk": 47,
    "model": "flooding_worker.workflow",
    "fields": {
      "code": "25",
      "scenario": 25,
      "tfinished": null,
      "priority": 20,
      "tstart": null,
      "logging_level": null
    }
  },
  {
    "pk": 48,
    "model": "flooding_worker.workflow",
    "fields": {
      "code": "25",
      "scenario": 25,
      "tfinished": null,
      "priority": 20,
      "tstart": null,
      "logging_level": null
    }
  },
  {
    "pk": 49,
    "model": "flooding_worker.workflow",
    "fields": {
      "code": "25",
      "scenario": 25,
      "tfinished": null,
      "priority": 20,
      "tstart": null,
      "logging_level": null
    }
  },
  {
    "pk": 50,
    "model": "flooding_worker.workflow",
    "fields": {
      "code": "25",
      "scenario": 25,
      "tfinished": null,
      "priority": 20,
      "tstart": null,
      "logging_level": null
    }
  },
  {
    "pk": 9,
    "model": "flooding_worker.workflow",
    "fields": {
      "code": "25",
      "scenario": 25,
      "tfinished": null,
      "priority": 20,
      "tstart": null,
      "logging_level": null
    }
  },
  {
    "pk": 10,
    "model": "flooding_worker.workflow",
    "fields": {
      "code": "25",
      "scenario": 25,
      "tfinished": null,
      "priority": 20,
      "tstart": null,
      "logging_level": null
    }
  },
  {
    "pk": 51,
    "model": "flooding_worker.workflow",
    "fields": {
      "code": "25",
      "scenario": 25,
      "tfinished": null,
      "priority": 20,
      "tstart": null,
      "logging_level": null
    }
  },
  {
    "pk": 52,
    "model": "flooding_worker.workflow",
    "fields": {
      "code": "25",
      "scenario": 25,
      "tfinished": null,
      "priority": 20,
      "tstart": null,
      "logging_level": null
    }
  },
  {
    "pk": 53,
    "model": "flooding_worker.workflow",
    "fields": {
      "code": "25",
      "scenario": 25,
      "tfinished": null,
      "priority": 20,
      "tstart": null,
      "logging_level": null
    }
  },
  {
    "pk": 54,
    "model": "flooding_worker.workflow",
    "fields": {
      "code": "25",
      "scenario": 25,
      "tfinished": null,
      "priority": 20,
      "tstart": null,
      "logging_level": null
    }
  },
  {
    "pk": 55,
    "model": "flooding_worker.workflow",
    "fields": {
      "code": "25",
      "scenario": 25,
      "tfinished": null,
      "priority": 20,
      "tstart": null,
      "logging_level": null
    }
  },
  {
    "pk": 56,
    "model": "flooding_worker.workflow",
    "fields": {
      "code": "25",
      "scenario": 25,
      "tfinished": null,
      "priority": 20,
      "tstart": null,
      "logging_level": null
    }
  },
  {
    "pk": 57,
    "model": "flooding_worker.workflow",
    "fields": {
      "code": "25",
      "scenario": 25,
      "tfinished": null,
      "priority": 20,
      "tstart": null,
      "logging_level": null
    }
  },
  {
    "pk": 58,
    "model": "flooding_worker.workflow",
    "fields": {
      "code": "25",
      "scenario": 25,
      "tfinished": null,
      "priority": 20,
      "tstart": null,
      "logging_level": null
    }
  },
  {
    "pk": 59,
    "model": "flooding_worker.workflow",
    "fields": {
      "code": "25",
      "scenario": 25,
      "tfinished": null,
      "priority": 20,
      "tstart": null,
      "logging_level": null
    }
  },
  {
    "pk": 4,
    "model": "flooding_worker.workflowtemplate",
    "fields": {
      "code": 60
    }
  },
  {
    "pk": 3,
    "model": "flooding_worker.workflowtemplate",
    "fields": {
      "code": 50
    }
  },
  {
    "pk": 1,
    "model": "flooding_worker.tasktype",
    "fields": {
      "name": "50"
    }
  },
  {
    "pk": 2,
    "model": "flooding_worker.tasktype",
    "fields": {
      "name": "60"
    }
  },
  {
    "pk": 3,
    "model": "flooding_worker.tasktype",
    "fields": {
      "name": "120"
    }
  },
  {
    "pk": 4,
    "model": "flooding_worker.tasktype",
    "fields": {
      "name": "130"
    }
  },
  {
    "pk": 5,
    "model": "flooding_worker.tasktype",
    "fields": {
      "name": "132"
    }
  },
  {
    "pk": 6,
    "model": "flooding_worker.tasktype",
    "fields": {
      "name": "160"
    }
  },
  {
    "pk": 1,
    "model": "flooding_worker.workflowtemplatetask",
    "fields": {
      "workflow_template": 3,
      "code": 1,
      "max_failures": 0,
      "max_duration_minutes": 0,
      "sequence": 0
    }
  },
  {
    "pk": 6,
    "model": "flooding_worker.workflowtemplatetask",
    "fields": {
      "workflow_template": 4,
      "code": 2,
      "max_failures": 4,
      "max_duration_minutes": 0,
      "sequence": 0
    }
  },
  {
    "pk": 7,
    "model": "flooding_worker.workflowtemplatetask",
    "fields": {
      "workflow_template": 4,
      "code": 4,
      "max_failures": 2,
      "max_duration_minutes": 0,
      "sequence": 1
    }
  },
  {
    "pk": 8,
    "model": "flooding_worker.workflowtemplatetask",
    "fields": {
      "workflow_template": 4,
      "code": 5,
      "max_failures": 2,
      "max_duration_minutes": 0,
      "sequence": 1
    }
  },
  {
    "pk": 9,
    "model": "flooding_worker.workflowtemplatetask",
    "fields": {
      "workflow_template": 4,
      "code": 6,
      "max_failures": 2,
      "max_duration_minutes": 0,
      "sequence": 2
    }
  },
  {
    "pk": 2,
    "model": "flooding_worker.workflowtemplatetask",
    "fields": {
      "workflow_template": 3,
      "code": 3,
      "max_failures": 3,
      "max_duration_minutes": 0,
      "sequence": 1
    }
  },
  {
    "pk": 3,
    "model": "flooding_worker.workflowtemplatetask",
    "fields": {
      "workflow_template": 3,
      "code": 4,
      "max_failures": 2,
      "max_duration_minutes": 0,
      "sequence": 2
    }
  },
  {
    "pk": 4,
    "model": "flooding_worker.workflowtemplatetask",
    "fields": {
      "workflow_template": 3,
      "code": 5,
      "max_failures": 3,
      "max_duration_minutes": 0,
      "sequence": 2
    }
  },
  {
    "pk": 5,
    "model": "flooding_worker.workflowtemplatetask",
    "fields": {
      "workflow_template": 3,
      "code": 6,
      "max_failures": 1,
      "max_duration_minutes": 0,
      "sequence": 3
    }
  },
  {
    "pk": 23,
    "model": "flooding_worker.workflowtask",
    "fields": {
      "code": 1,
      "sequence": 0,
      "successful": null,
      "max_duration_minutes": 0,
      "max_failures": 0,
      "workflow": 9,
      "tstart": null,
      "tfinished": null
    }
  },
  {
    "pk": 24,
    "model": "flooding_worker.workflowtask",
    "fields": {
      "code": 3,
      "sequence": 1,
      "successful": null,
      "max_duration_minutes": 0,
      "max_failures": 0,
      "workflow": 9,
      "tstart": null,
      "tfinished": null
    }
  },
  {
    "pk": 25,
    "model": "flooding_worker.workflowtask",
    "fields": {
      "code": 4,
      "sequence": 2,
      "successful": null,
      "max_duration_minutes": 0,
      "max_failures": 0,
      "workflow": 9,
      "tstart": null,
      "tfinished": null
    }
  },
  {
    "pk": 26,
    "model": "flooding_worker.workflowtask",
    "fields": {
      "code": 5,
      "sequence": 2,
      "successful": null,
      "max_duration_minutes": 0,
      "max_failures": 0,
      "workflow": 9,
      "tstart": null,
      "tfinished": null
    }
  },
  {
    "pk": 27,
    "model": "flooding_worker.workflowtask",
    "fields": {
      "code": 6,
      "sequence": 3,
      "successful": null,
      "max_duration_minutes": 0,
      "max_failures": 0,
      "workflow": 9,
      "tstart": null,
      "tfinished": null
    }
  },
  {
    "pk": 28,
    "model": "flooding_worker.workflowtask",
    "fields": {
      "code": 1,
      "sequence": 0,
      "successful": null,
      "max_duration_minutes": 0,
      "max_failures": 0,
      "workflow": 10,
      "tstart": null,
      "tfinished": null
    }
  },
  {
    "pk": 29,
    "model": "flooding_worker.workflowtask",
    "fields": {
      "code": 3,
      "sequence": 1,
      "successful": null,
      "max_duration_minutes": 0,
      "max_failures": 0,
      "workflow": 10,
      "tstart": null,
      "tfinished": null
    }
  },
  {
    "pk": 30,
    "model": "flooding_worker.workflowtask",
    "fields": {
      "code": 4,
      "sequence": 2,
      "successful": null,
      "max_duration_minutes": 0,
      "max_failures": 0,
      "workflow": 10,
      "tstart": null,
      "tfinished": null
    }
  },
  {
    "pk": 31,
    "model": "flooding_worker.workflowtask",
    "fields": {
      "code": 5,
      "sequence": 2,
      "successful": null,
      "max_duration_minutes": 0,
      "max_failures": 0,
      "workflow": 10,
      "tstart": null,
      "tfinished": null
    }
  },
  {
    "pk": 32,
    "model": "flooding_worker.workflowtask",
    "fields": {
      "code": 6,
      "sequence": 3,
      "successful": null,
      "max_duration_minutes": 0,
      "max_failures": 0,
      "workflow": 10,
      "tstart": null,
      "tfinished": null
    }
  },
  {
    "pk": 33,
    "model": "flooding_worker.workflowtask",
    "fields": {
      "code": 1,
      "sequence": 0,
      "successful": null,
      "max_duration_minutes": 0,
      "max_failures": 0,
      "workflow": 51,
      "tstart": null,
      "tfinished": null
    }
  },
  {
    "pk": 34,
    "model": "flooding_worker.workflowtask",
    "fields": {
      "code": 3,
      "sequence": 1,
      "successful": null,
      "max_duration_minutes": 0,
      "max_failures": 3,
      "workflow": 51,
      "tstart": null,
      "tfinished": null
    }
  },
  {
    "pk": 35,
    "model": "flooding_worker.workflowtask",
    "fields": {
      "code": 4,
      "sequence": 2,
      "successful": null,
      "max_duration_minutes": 0,
      "max_failures": 2,
      "workflow": 51,
      "tstart": null,
      "tfinished": null
    }
  },
  {
    "pk": 36,
    "model": "flooding_worker.workflowtask",
    "fields": {
      "code": 5,
      "sequence": 2,
      "successful": null,
      "max_duration_minutes": 0,
      "max_failures": 3,
      "workflow": 51,
      "tstart": null,
      "tfinished": null
    }
  },
  {
    "pk": 37,
    "model": "flooding_worker.workflowtask",
    "fields": {
      "code": 6,
      "sequence": 3,
      "successful": null,
      "max_duration_minutes": 0,
      "max_failures": 1,
      "workflow": 51,
      "tstart": null,
      "tfinished": null
    }
  },
  {
    "pk": 38,
    "model": "flooding_worker.workflowtask",
    "fields": {
      "code": 1,
      "sequence": 0,
      "successful": null,
      "max_duration_minutes": 0,
      "max_failures": 0,
      "workflow": 52,
      "tstart": null,
      "tfinished": null
    }
  },
  {
    "pk": 39,
    "model": "flooding_worker.workflowtask",
    "fields": {
      "code": 3,
      "sequence": 1,
      "successful": null,
      "max_duration_minutes": 0,
      "max_failures": 3,
      "workflow": 52,
      "tstart": null,
      "tfinished": null
    }
  },
  {
    "pk": 40,
    "model": "flooding_worker.workflowtask",
    "fields": {
      "code": 4,
      "sequence": 2,
      "successful": null,
      "max_duration_minutes": 0,
      "max_failures": 2,
      "workflow": 52,
      "tstart": null,
      "tfinished": null
    }
  },
  {
    "pk": 41,
    "model": "flooding_worker.workflowtask",
    "fields": {
      "code": 5,
      "sequence": 2,
      "successful": null,
      "max_duration_minutes": 0,
      "max_failures": 3,
      "workflow": 52,
      "tstart": null,
      "tfinished": null
    }
  },
  {
    "pk": 42,
    "model": "flooding_worker.workflowtask",
    "fields": {
      "code": 6,
      "sequence": 3,
      "successful": null,
      "max_duration_minutes": 0,
      "max_failures": 1,
      "workflow": 52,
      "tstart": null,
      "tfinished": null
    }
  },
  {
    "pk": 43,
    "model": "flooding_worker.workflowtask",
    "fields": {
      "code": 1,
      "sequence": 0,
      "successful": null,
      "max_duration_minutes": 0,
      "max_failures": 0,
      "workflow": 53,
      "tstart": null,
      "tfinished": null
    }
  },
  {
    "pk": 44,
    "model": "flooding_worker.workflowtask",
    "fields": {
      "code": 3,
      "sequence": 1,
      "successful": null,
      "max_duration_minutes": 0,
      "max_failures": 3,
      "workflow": 53,
      "tstart": null,
      "tfinished": null
    }
  },
  {
    "pk": 45,
    "model": "flooding_worker.workflowtask",
    "fields": {
      "code": 4,
      "sequence": 2,
      "successful": null,
      "max_duration_minutes": 0,
      "max_failures": 2,
      "workflow": 53,
      "tstart": null,
      "tfinished": null
    }
  },
  {
    "pk": 46,
    "model": "flooding_worker.workflowtask",
    "fields": {
      "code": 5,
      "sequence": 2,
      "successful": null,
      "max_duration_minutes": 0,
      "max_failures": 3,
      "workflow": 53,
      "tstart": null,
      "tfinished": null
    }
  },
  {
    "pk": 47,
    "model": "flooding_worker.workflowtask",
    "fields": {
      "code": 6,
      "sequence": 3,
      "successful": null,
      "max_duration_minutes": 0,
      "max_failures": 1,
      "workflow": 53,
      "tstart": null,
      "tfinished": null
    }
  },
  {
    "pk": 48,
    "model": "flooding_worker.workflowtask",
    "fields": {
      "code": 1,
      "sequence": 0,
      "successful": null,
      "max_duration_minutes": 0,
      "max_failures": 0,
      "workflow": 54,
      "tstart": null,
      "tfinished": null
    }
  },
  {
    "pk": 49,
    "model": "flooding_worker.workflowtask",
    "fields": {
      "code": 3,
      "sequence": 1,
      "successful": null,
      "max_duration_minutes": 0,
      "max_failures": 3,
      "workflow": 54,
      "tstart": null,
      "tfinished": null
    }
  },
  {
    "pk": 50,
    "model": "flooding_worker.workflowtask",
    "fields": {
      "code": 4,
      "sequence": 2,
      "successful": null,
      "max_duration_minutes": 0,
      "max_failures": 2,
      "workflow": 54,
      "tstart": null,
      "tfinished": null
    }
  },
  {
    "pk": 51,
    "model": "flooding_worker.workflowtask",
    "fields": {
      "code": 5,
      "sequence": 2,
      "successful": null,
      "max_duration_minutes": 0,
      "max_failures": 3,
      "workflow": 54,
      "tstart": null,
      "tfinished": null
    }
  },
  {
    "pk": 52,
    "model": "flooding_worker.workflowtask",
    "fields": {
      "code": 6,
      "sequence": 3,
      "successful": null,
      "max_duration_minutes": 0,
      "max_failures": 1,
      "workflow": 54,
      "tstart": null,
      "tfinished": null
    }
  },
  {
    "pk": 53,
    "model": "flooding_worker.workflowtask",
    "fields": {
      "code": 1,
      "sequence": 0,
      "successful": null,
      "max_duration_minutes": 0,
      "max_failures": 0,
      "workflow": 55,
      "tstart": null,
      "tfinished": null
    }
  },
  {
    "pk": 54,
    "model": "flooding_worker.workflowtask",
    "fields": {
      "code": 3,
      "sequence": 1,
      "successful": null,
      "max_duration_minutes": 0,
      "max_failures": 3,
      "workflow": 55,
      "tstart": null,
      "tfinished": null
    }
  },
  {
    "pk": 55,
    "model": "flooding_worker.workflowtask",
    "fields": {
      "code": 4,
      "sequence": 2,
      "successful": null,
      "max_duration_minutes": 0,
      "max_failures": 2,
      "workflow": 55,
      "tstart": null,
      "tfinished": null
    }
  },
  {
    "pk": 56,
    "model": "flooding_worker.workflowtask",
    "fields": {
      "code": 5,
      "sequence": 2,
      "successful": null,
      "max_duration_minutes": 0,
      "max_failures": 3,
      "workflow": 55,
      "tstart": null,
      "tfinished": null
    }
  },
  {
    "pk": 57,
    "model": "flooding_worker.workflowtask",
    "fields": {
      "code": 6,
      "sequence": 3,
      "successful": null,
      "max_duration_minutes": 0,
      "max_failures": 1,
      "workflow": 55,
      "tstart": null,
      "tfinished": null
    }
  },
  {
    "pk": 58,
    "model": "flooding_worker.workflowtask",
    "fields": {
      "code": 1,
      "sequence": 0,
      "successful": null,
      "max_duration_minutes": 0,
      "max_failures": 0,
      "workflow": 56,
      "tstart": null,
      "tfinished": null
    }
  },
  {
    "pk": 59,
    "model": "flooding_worker.workflowtask",
    "fields": {
      "code": 3,
      "sequence": 1,
      "successful": null,
      "max_duration_minutes": 0,
      "max_failures": 3,
      "workflow": 56,
      "tstart": null,
      "tfinished": null
    }
  },
  {
    "pk": 60,
    "model": "flooding_worker.workflowtask",
    "fields": {
      "code": 4,
      "sequence": 2,
      "successful": null,
      "max_duration_minutes": 0,
      "max_failures": 2,
      "workflow": 56,
      "tstart": null,
      "tfinished": null
    }
  },
  {
    "pk": 61,
    "model": "flooding_worker.workflowtask",
    "fields": {
      "code": 5,
      "sequence": 2,
      "successful": null,
      "max_duration_minutes": 0,
      "max_failures": 3,
      "workflow": 56,
      "tstart": null,
      "tfinished": null
    }
  },
  {
    "pk": 62,
    "model": "flooding_worker.workflowtask",
    "fields": {
      "code": 6,
      "sequence": 3,
      "successful": null,
      "max_duration_minutes": 0,
      "max_failures": 1,
      "workflow": 56,
      "tstart": null,
      "tfinished": null
    }
  },
  {
    "pk": 63,
    "model": "flooding_worker.workflowtask",
    "fields": {
      "code": 1,
      "sequence": 0,
      "successful": null,
      "max_duration_minutes": 0,
      "max_failures": 0,
      "workflow": 57,
      "tstart": null,
      "tfinished": null
    }
  },
  {
    "pk": 64,
    "model": "flooding_worker.workflowtask",
    "fields": {
      "code": 3,
      "sequence": 1,
      "successful": null,
      "max_duration_minutes": 0,
      "max_failures": 3,
      "workflow": 57,
      "tstart": null,
      "tfinished": null
    }
  },
  {
    "pk": 65,
    "model": "flooding_worker.workflowtask",
    "fields": {
      "code": 4,
      "sequence": 2,
      "successful": null,
      "max_duration_minutes": 0,
      "max_failures": 2,
      "workflow": 57,
      "tstart": null,
      "tfinished": null
    }
  },
  {
    "pk": 66,
    "model": "flooding_worker.workflowtask",
    "fields": {
      "code": 5,
      "sequence": 2,
      "successful": null,
      "max_duration_minutes": 0,
      "max_failures": 3,
      "workflow": 57,
      "tstart": null,
      "tfinished": null
    }
  },
  {
    "pk": 67,
    "model": "flooding_worker.workflowtask",
    "fields": {
      "code": 6,
      "sequence": 3,
      "successful": null,
      "max_duration_minutes": 0,
      "max_failures": 1,
      "workflow": 57,
      "tstart": null,
      "tfinished": null
    }
  },
  {
    "pk": 68,
    "model": "flooding_worker.workflowtask",
    "fields": {
      "code": 1,
      "sequence": 0,
      "successful": null,
      "max_duration_minutes": 0,
      "max_failures": 0,
      "workflow": 58,
      "tstart": null,
      "tfinished": null
    }
  },
  {
    "pk": 69,
    "model": "flooding_worker.workflowtask",
    "fields": {
      "code": 3,
      "sequence": 1,
      "successful": null,
      "max_duration_minutes": 0,
      "max_failures": 3,
      "workflow": 58,
      "tstart": null,
      "tfinished": null
    }
  },
  {
    "pk": 70,
    "model": "flooding_worker.workflowtask",
    "fields": {
      "code": 4,
      "sequence": 2,
      "successful": null,
      "max_duration_minutes": 0,
      "max_failures": 2,
      "workflow": 58,
      "tstart": null,
      "tfinished": null
    }
  },
  {
    "pk": 71,
    "model": "flooding_worker.workflowtask",
    "fields": {
      "code": 5,
      "sequence": 2,
      "successful": null,
      "max_duration_minutes": 0,
      "max_failures": 3,
      "workflow": 58,
      "tstart": null,
      "tfinished": null
    }
  },
  {
    "pk": 72,
    "model": "flooding_worker.workflowtask",
    "fields": {
      "code": 6,
      "sequence": 3,
      "successful": null,
      "max_duration_minutes": 0,
      "max_failures": 1,
      "workflow": 58,
      "tstart": null,
      "tfinished": null
    }
  },
  {
    "pk": 73,
    "model": "flooding_worker.workflowtask",
    "fields": {
      "code": 1,
      "sequence": 0,
      "successful": null,
      "max_duration_minutes": 0,
      "max_failures": 0,
      "workflow": 59,
      "tstart": null,
      "tfinished": null
    }
  },
  {
    "pk": 74,
    "model": "flooding_worker.workflowtask",
    "fields": {
      "code": 3,
      "sequence": 1,
      "successful": null,
      "max_duration_minutes": 0,
      "max_failures": 3,
      "workflow": 59,
      "tstart": null,
      "tfinished": null
    }
  },
  {
    "pk": 75,
    "model": "flooding_worker.workflowtask",
    "fields": {
      "code": 4,
      "sequence": 2,
      "successful": null,
      "max_duration_minutes": 0,
      "max_failures": 2,
      "workflow": 59,
      "tstart": null,
      "tfinished": null
    }
  },
  {
    "pk": 76,
    "model": "flooding_worker.workflowtask",
    "fields": {
      "code": 5,
      "sequence": 2,
      "successful": null,
      "max_duration_minutes": 0,
      "max_failures": 3,
      "workflow": 59,
      "tstart": null,
      "tfinished": null
    }
  },
  {
    "pk": 77,
    "model": "flooding_worker.workflowtask",
    "fields": {
      "code": 6,
      "sequence": 3,
      "successful": null,
      "max_duration_minutes": 0,
      "max_failures": 1,
      "workflow": 59,
      "tstart": null,
      "tfinished": null
    }
  },
  {
    "pk": 1,
    "model": "flooding_worker.logging",
    "fields": {
      "level": 20,
      "task": 23,
      "message": "Start workflow",
      "time": "2011-09-26 15:20:48",
      "workflow": 9
    }
  },
  {
    "pk": 2,
    "model": "flooding_worker.logging",
    "fields": {
      "level": 20,
      "task": 24,
      "message": "Start task",
      "time": "2011-09-26 15:20:48",
      "workflow": 9
    }
  },
  {
    "pk": 3,
    "model": "flooding_worker.logging",
    "fields": {
      "level": 40,
      "task": 24,
      "message": "string indices must be integers, not str",
      "time": "2011-09-26 15:20:48",
      "workflow": 9
    }
  },
  {
    "pk": 4,
    "model": "flooding_worker.logging",
    "fields": {
      "level": 20,
      "task": 24,
      "message": "Start task",
      "time": "2011-09-26 15:28:04",
      "workflow": 9
    }
  },
  {
    "pk": 5,
    "model": "flooding_worker.logging",
    "fields": {
      "level": 40,
      "task": 24,
      "message": "string indices must be integers, not str",
      "time": "2011-09-26 15:28:04",
      "workflow": 9
    }
  },
  {
    "pk": 6,
    "model": "flooding_worker.logging",
    "fields": {
      "level": 20,
      "task": 24,
      "message": "Start task",
      "time": "2011-09-26 15:28:26",
      "workflow": 9
    }
  },
  {
    "pk": 7,
    "model": "flooding_worker.logging",
    "fields": {
      "level": 40,
      "task": 24,
      "message": "string indices must be integers, not str",
      "time": "2011-09-26 15:28:26",
      "workflow": 9
    }
  },
  {
    "pk": 8,
    "model": "flooding_worker.logging",
    "fields": {
      "level": 20,
      "task": 24,
      "message": "Start task",
      "time": "2011-09-26 15:31:20",
      "workflow": 9
    }
  },
  {
    "pk": 9,
    "model": "flooding_worker.logging",
    "fields": {
      "level": 20,
      "task": 24,
      "message": "Start task",
      "time": "2011-09-26 15:31:30",
      "workflow": 9
    }
  },
  {
    "pk": 10,
    "model": "flooding_worker.logging",
    "fields": {
      "level": 40,
      "task": 24,
      "message": "string indices must be integers, not str",
      "time": "2011-09-26 15:31:30",
      "workflow": 9
    }
  },
  {
    "pk": 11,
    "model": "flooding_worker.logging",
    "fields": {
      "level": 20,
      "task": 24,
      "message": "Start task",
      "time": "2011-09-26 15:31:49",
      "workflow": 9
    }
  },
  {
    "pk": 12,
    "model": "flooding_worker.logging",
    "fields": {
      "level": 40,
      "task": 24,
      "message": "string indices must be integers, not str",
      "time": "2011-09-26 15:31:49",
      "workflow": 9
    }
  },
  {
    "pk": 13,
    "model": "flooding_worker.logging",
    "fields": {
      "level": 20,
      "task": 24,
      "message": "Start task",
      "time": "2011-09-26 15:32:23",
      "workflow": 9
    }
  },
  {
    "pk": 14,
    "model": "flooding_worker.logging",
    "fields": {
      "level": 10,
      "task": 24,
      "message": "execute TASK_COMPUTE_SOBEK_MODEL_120",
      "time": "2011-09-26 15:32:23",
      "workflow": 9
    }
  },
  {
    "pk": 15,
    "model": "flooding_worker.logging",
    "fields": {
      "level": 20,
      "task": 24,
      "message": "create new empty temporary directory c:/temp/1",
      "time": "2011-09-26 15:32:23",
      "workflow": 9
    }
  },
  {
    "pk": 16,
    "model": "flooding_worker.logging",
    "fields": {
      "level": 20,
      "task": 24,
      "message": "read the sobek representation of the internal network...",
      "time": "2011-09-26 15:32:23",
      "workflow": 9
    }
  },
  {
    "pk": 17,
    "model": "flooding_worker.logging",
    "fields": {
      "level": 20,
      "task": 29,
      "message": "Start task",
      "time": "2011-09-26 15:36:30",
      "workflow": 10
    }
  },
  {
    "pk": 18,
    "model": "flooding_worker.logging",
    "fields": {
      "level": 40,
      "task": 30,
      "message": "string indices must be integers, not str",
      "time": "2011-09-26 15:38:57",
      "workflow": 10
    }
  },
  {
    "pk": 19,
    "model": "flooding_worker.logging",
    "fields": {
      "level": 20,
      "task": 27,
      "message": "Start task",
      "time": "2011-09-26 15:39:36",
      "workflow": 9
    }
  },
  {
    "pk": 20,
    "model": "flooding_worker.logging",
    "fields": {
      "level": 40,
      "task": 25,
      "message": "while executing task 130: '<type 'exceptions.ImportError'>(No module named lizard.flooding.models)'",
      "time": "2011-09-26 15:39:47",
      "workflow": 9
    }
  },
  {
    "pk": 21,
    "model": "flooding_worker.logging",
    "fields": {
      "level": 20,
      "task": 29,
      "message": "Start task",
      "time": "2011-09-26 15:38:09",
      "workflow": 10
    }
  },
  {
    "pk": 22,
    "model": "flooding_worker.logging",
    "fields": {
      "level": 20,
      "task": 32,
      "message": "End task",
      "time": "2011-09-26 15:39:47",
      "workflow": 10
    }
  },
  {
    "pk": 23,
    "model": "flooding_worker.logging",
    "fields": {
      "level": 20,
      "task": 32,
      "message": "End task",
      "time": "2011-09-26 15:39:36",
      "workflow": 10
    }
  },
  {
    "pk": 24,
    "model": "flooding_worker.logging",
    "fields": {
      "level": 40,
      "task": 26,
      "message": "string indices must be integers, not str",
      "time": "2011-09-26 15:32:23",
      "workflow": 9
    }
  },
  {
    "pk": 25,
    "model": "flooding_worker.logging",
    "fields": {
      "level": 20,
      "task": 27,
      "message": "Start task",
      "time": "2011-09-26 15:39:47",
      "workflow": 9
    }
  },
  {
    "pk": 26,
    "model": "flooding_worker.logging",
    "fields": {
      "level": 20,
      "task": 26,
      "message": "Start task",
      "time": "2011-09-26 15:39:36",
      "workflow": 9
    }
  },
  {
    "pk": 27,
    "model": "flooding_worker.logging",
    "fields": {
      "level": 10,
      "task": 31,
      "message": "execute TASK_COMPUTE_RISE_SPEED_132",
      "time": "2011-09-26 15:39:36",
      "workflow": 10
    }
  },
  {
    "pk": 28,
    "model": "flooding_worker.logging",
    "fields": {
      "level": 20,
      "task": 32,
      "message": "Start task",
      "time": "2011-09-26 15:39:47",
      "workflow": 10
    }
  },
  {
    "pk": 29,
    "model": "flooding_worker.logging",
    "fields": {
      "level": 20,
      "task": 32,
      "message": "Start task",
      "time": "2011-09-26 15:39:36",
      "workflow": 10
    }
  },
  {
    "pk": 30,
    "model": "flooding_worker.logging",
    "fields": {
      "level": 20,
      "task": 26,
      "message": "Start task",
      "time": "2011-09-26 15:32:23",
      "workflow": 9
    }
  }
]