[
  {
    "pk": 9, 
    "model": "lizard_flooding_worker.workflow", 
    "fields": {
      "code": "25", 
      "scenario": 25, 
      "tfinished": null, 
      "priority": 20, 
      "tstart": null, 
      "logging_level": null
    }
  }, 
  {
    "pk": 10, 
    "model": "lizard_flooding_worker.workflow", 
    "fields": {
      "code": "25", 
      "scenario": 25, 
      "tfinished": null, 
      "priority": 20, 
      "tstart": null, 
      "logging_level": null
    }
  }, 
  {
    "pk": 3, 
    "model": "lizard_flooding_worker.workflowtemplate", 
    "fields": {
      "code": 50
    }
  }, 
  {
    "pk": 4, 
    "model": "lizard_flooding_worker.workflowtemplate", 
    "fields": {
      "code": 60
    }
  }, 
  {
    "pk": 1, 
    "model": "lizard_flooding_worker.tasktype", 
    "fields": {
      "name": "50"
    }
  }, 
  {
    "pk": 2, 
    "model": "lizard_flooding_worker.tasktype", 
    "fields": {
      "name": "60"
    }
  }, 
  {
    "pk": 3, 
    "model": "lizard_flooding_worker.tasktype", 
    "fields": {
      "name": "120"
    }
  }, 
  {
    "pk": 4, 
    "model": "lizard_flooding_worker.tasktype", 
    "fields": {
      "name": "130"
    }
  }, 
  {
    "pk": 5, 
    "model": "lizard_flooding_worker.tasktype", 
    "fields": {
      "name": "132"
    }
  }, 
  {
    "pk": 6, 
    "model": "lizard_flooding_worker.tasktype", 
    "fields": {
      "name": "160"
    }
  }, 
  {
    "pk": 1, 
    "model": "lizard_flooding_worker.workflowtemplatetask", 
    "fields": {
      "workflow_template": 3, 
      "code": 1, 
      "sequence": 0
    }
  }, 
  {
    "pk": 2, 
    "model": "lizard_flooding_worker.workflowtemplatetask", 
    "fields": {
      "workflow_template": 3, 
      "code": 3, 
      "sequence": 1
    }
  }, 
  {
    "pk": 3, 
    "model": "lizard_flooding_worker.workflowtemplatetask", 
    "fields": {
      "workflow_template": 3, 
      "code": 4, 
      "sequence": 2
    }
  }, 
  {
    "pk": 4, 
    "model": "lizard_flooding_worker.workflowtemplatetask", 
    "fields": {
      "workflow_template": 3, 
      "code": 5, 
      "sequence": 2
    }
  }, 
  {
    "pk": 5, 
    "model": "lizard_flooding_worker.workflowtemplatetask", 
    "fields": {
      "workflow_template": 3, 
      "code": 6, 
      "sequence": 3
    }
  }, 
  {
    "pk": 6, 
    "model": "lizard_flooding_worker.workflowtemplatetask", 
    "fields": {
      "workflow_template": 4, 
      "code": 2, 
      "sequence": 0
    }
  }, 
  {
    "pk": 7, 
    "model": "lizard_flooding_worker.workflowtemplatetask", 
    "fields": {
      "workflow_template": 4, 
      "code": 4, 
      "sequence": 1
    }
  }, 
  {
    "pk": 8, 
    "model": "lizard_flooding_worker.workflowtemplatetask", 
    "fields": {
      "workflow_template": 4, 
      "code": 5, 
      "sequence": 1
    }
  }, 
  {
    "pk": 9, 
    "model": "lizard_flooding_worker.workflowtemplatetask", 
    "fields": {
      "workflow_template": 4, 
      "code": 6, 
      "sequence": 2
    }
  }, 
  {
    "pk": 23, 
    "model": "lizard_flooding_worker.workflowtask", 
    "fields": {
      "code": 1, 
      "tfinished": null, 
      "successful": null, 
      "sequence": 0, 
      "workflow": 9, 
      "tstart": null
    }
  }, 
  {
    "pk": 24, 
    "model": "lizard_flooding_worker.workflowtask", 
    "fields": {
      "code": 3, 
      "tfinished": null, 
      "successful": null, 
      "sequence": 1, 
      "workflow": 9, 
      "tstart": null
    }
  }, 
  {
    "pk": 25, 
    "model": "lizard_flooding_worker.workflowtask", 
    "fields": {
      "code": 4, 
      "tfinished": null, 
      "successful": null, 
      "sequence": 2, 
      "workflow": 9, 
      "tstart": null
    }
  }, 
  {
    "pk": 26, 
    "model": "lizard_flooding_worker.workflowtask", 
    "fields": {
      "code": 5, 
      "tfinished": null, 
      "successful": null, 
      "sequence": 2, 
      "workflow": 9, 
      "tstart": null
    }
  }, 
  {
    "pk": 27, 
    "model": "lizard_flooding_worker.workflowtask", 
    "fields": {
      "code": 6, 
      "tfinished": null, 
      "successful": null, 
      "sequence": 3, 
      "workflow": 9, 
      "tstart": null
    }
  }, 
  {
    "pk": 28, 
    "model": "lizard_flooding_worker.workflowtask", 
    "fields": {
      "code": 1, 
      "tfinished": null, 
      "successful": null, 
      "sequence": 0, 
      "workflow": 10, 
      "tstart": null
    }
  }, 
  {
    "pk": 29, 
    "model": "lizard_flooding_worker.workflowtask", 
    "fields": {
      "code": 3, 
      "tfinished": null, 
      "successful": null, 
      "sequence": 1, 
      "workflow": 10, 
      "tstart": null
    }
  }, 
  {
    "pk": 30, 
    "model": "lizard_flooding_worker.workflowtask", 
    "fields": {
      "code": 4, 
      "tfinished": null, 
      "successful": null, 
      "sequence": 2, 
      "workflow": 10, 
      "tstart": null
    }
  }, 
  {
    "pk": 31, 
    "model": "lizard_flooding_worker.workflowtask", 
    "fields": {
      "code": 5, 
      "tfinished": null, 
      "successful": null, 
      "sequence": 2, 
      "workflow": 10, 
      "tstart": null
    }
  }, 
  {
    "pk": 32, 
    "model": "lizard_flooding_worker.workflowtask", 
    "fields": {
      "code": 6, 
      "tfinished": null, 
      "successful": null, 
      "sequence": 3, 
      "workflow": 10, 
      "tstart": null
    }
  }, 
  {
    "pk": 1, 
    "model": "lizard_flooding_worker.logging", 
    "fields": {
      "level": 20, 
      "task": 23, 
      "message": "Start workflow", 
      "time": "2011-09-26 15:20:48", 
      "workflow": 9
    }
  }, 
  {
    "pk": 2, 
    "model": "lizard_flooding_worker.logging", 
    "fields": {
      "level": 20, 
      "task": 24, 
      "message": "Start task", 
      "time": "2011-09-26 15:20:48", 
      "workflow": 9
    }
  }, 
  {
    "pk": 3, 
    "model": "lizard_flooding_worker.logging", 
    "fields": {
      "level": 40, 
      "task": 24, 
      "message": "string indices must be integers, not str", 
      "time": "2011-09-26 15:20:48", 
      "workflow": 9
    }
  }, 
  {
    "pk": 4, 
    "model": "lizard_flooding_worker.logging", 
    "fields": {
      "level": 20, 
      "task": 24, 
      "message": "Start task", 
      "time": "2011-09-26 15:28:04", 
      "workflow": 9
    }
  }, 
  {
    "pk": 5, 
    "model": "lizard_flooding_worker.logging", 
    "fields": {
      "level": 40, 
      "task": 24, 
      "message": "string indices must be integers, not str", 
      "time": "2011-09-26 15:28:04", 
      "workflow": 9
    }
  }, 
  {
    "pk": 6, 
    "model": "lizard_flooding_worker.logging", 
    "fields": {
      "level": 20, 
      "task": 24, 
      "message": "Start task", 
      "time": "2011-09-26 15:28:26", 
      "workflow": 9
    }
  }, 
  {
    "pk": 7, 
    "model": "lizard_flooding_worker.logging", 
    "fields": {
      "level": 40, 
      "task": 24, 
      "message": "string indices must be integers, not str", 
      "time": "2011-09-26 15:28:26", 
      "workflow": 9
    }
  }, 
  {
    "pk": 8, 
    "model": "lizard_flooding_worker.logging", 
    "fields": {
      "level": 20, 
      "task": 24, 
      "message": "Start task", 
      "time": "2011-09-26 15:31:20", 
      "workflow": 9
    }
  }, 
  {
    "pk": 9, 
    "model": "lizard_flooding_worker.logging", 
    "fields": {
      "level": 20, 
      "task": 24, 
      "message": "Start task", 
      "time": "2011-09-26 15:31:30", 
      "workflow": 9
    }
  }, 
  {
    "pk": 10, 
    "model": "lizard_flooding_worker.logging", 
    "fields": {
      "level": 40, 
      "task": 24, 
      "message": "string indices must be integers, not str", 
      "time": "2011-09-26 15:31:30", 
      "workflow": 9
    }
  }, 
  {
    "pk": 11, 
    "model": "lizard_flooding_worker.logging", 
    "fields": {
      "level": 20, 
      "task": 24, 
      "message": "Start task", 
      "time": "2011-09-26 15:31:49", 
      "workflow": 9
    }
  }, 
  {
    "pk": 12, 
    "model": "lizard_flooding_worker.logging", 
    "fields": {
      "level": 40, 
      "task": 24, 
      "message": "string indices must be integers, not str", 
      "time": "2011-09-26 15:31:49", 
      "workflow": 9
    }
  }, 
  {
    "pk": 13, 
    "model": "lizard_flooding_worker.logging", 
    "fields": {
      "level": 20, 
      "task": 24, 
      "message": "Start task", 
      "time": "2011-09-26 15:32:23", 
      "workflow": 9
    }
  }, 
  {
    "pk": 14, 
    "model": "lizard_flooding_worker.logging", 
    "fields": {
      "level": 10, 
      "task": 24, 
      "message": "execute TASK_COMPUTE_SOBEK_MODEL_120", 
      "time": "2011-09-26 15:32:23", 
      "workflow": 9
    }
  }, 
  {
    "pk": 15, 
    "model": "lizard_flooding_worker.logging", 
    "fields": {
      "level": 20, 
      "task": 24, 
      "message": "create new empty temporary directory c:/temp/1", 
      "time": "2011-09-26 15:32:23", 
      "workflow": 9
    }
  }, 
  {
    "pk": 16, 
    "model": "lizard_flooding_worker.logging", 
    "fields": {
      "level": 20, 
      "task": 24, 
      "message": "read the sobek representation of the internal network...", 
      "time": "2011-09-26 15:32:23", 
      "workflow": 9
    }
  }, 
  {
    "pk": 17, 
    "model": "lizard_flooding_worker.logging", 
    "fields": {
      "level": 20, 
      "task": 29, 
      "message": "Start task", 
      "time": "2011-09-26 15:36:30", 
      "workflow": 10
    }
  }, 
  {
    "pk": 18, 
    "model": "lizard_flooding_worker.logging", 
    "fields": {
      "level": 40, 
      "task": 30, 
      "message": "string indices must be integers, not str", 
      "time": "2011-09-26 15:38:57", 
      "workflow": 10
    }
  }, 
  {
    "pk": 19, 
    "model": "lizard_flooding_worker.logging", 
    "fields": {
      "level": 20, 
      "task": 27, 
      "message": "Start task", 
      "time": "2011-09-26 15:39:36", 
      "workflow": 9
    }
  }, 
  {
    "pk": 20, 
    "model": "lizard_flooding_worker.logging", 
    "fields": {
      "level": 40, 
      "task": 25, 
      "message": "while executing task 130: '<type 'exceptions.ImportError'>(No module named lizard.flooding.models)'", 
      "time": "2011-09-26 15:39:47", 
      "workflow": 9
    }
  }, 
  {
    "pk": 21, 
    "model": "lizard_flooding_worker.logging", 
    "fields": {
      "level": 20, 
      "task": 29, 
      "message": "Start task", 
      "time": "2011-09-26 15:38:09", 
      "workflow": 10
    }
  }, 
  {
    "pk": 22, 
    "model": "lizard_flooding_worker.logging", 
    "fields": {
      "level": 20, 
      "task": 32, 
      "message": "End task", 
      "time": "2011-09-26 15:39:47", 
      "workflow": 10
    }
  }, 
  {
    "pk": 23, 
    "model": "lizard_flooding_worker.logging", 
    "fields": {
      "level": 20, 
      "task": 32, 
      "message": "End task", 
      "time": "2011-09-26 15:39:36", 
      "workflow": 10
    }
  }, 
  {
    "pk": 24, 
    "model": "lizard_flooding_worker.logging", 
    "fields": {
      "level": 40, 
      "task": 26, 
      "message": "string indices must be integers, not str", 
      "time": "2011-09-26 15:32:23", 
      "workflow": 9
    }
  }, 
  {
    "pk": 25, 
    "model": "lizard_flooding_worker.logging", 
    "fields": {
      "level": 20, 
      "task": 27, 
      "message": "Start task", 
      "time": "2011-09-26 15:39:47", 
      "workflow": 9
    }
  }, 
  {
    "pk": 26, 
    "model": "lizard_flooding_worker.logging", 
    "fields": {
      "level": 20, 
      "task": 26, 
      "message": "Start task", 
      "time": "2011-09-26 15:39:36", 
      "workflow": 9
    }
  }, 
  {
    "pk": 27, 
    "model": "lizard_flooding_worker.logging", 
    "fields": {
      "level": 10, 
      "task": 31, 
      "message": "execute TASK_COMPUTE_RISE_SPEED_132", 
      "time": "2011-09-26 15:39:36", 
      "workflow": 10
    }
  }, 
  {
    "pk": 28, 
    "model": "lizard_flooding_worker.logging", 
    "fields": {
      "level": 20, 
      "task": 32, 
      "message": "Start task", 
      "time": "2011-09-26 15:39:47", 
      "workflow": 10
    }
  }, 
  {
    "pk": 29, 
    "model": "lizard_flooding_worker.logging", 
    "fields": {
      "level": 20, 
      "task": 32, 
      "message": "Start task", 
      "time": "2011-09-26 15:39:36", 
      "workflow": 10
    }
  }, 
  {
    "pk": 30, 
    "model": "lizard_flooding_worker.logging", 
    "fields": {
      "level": 20, 
      "task": 26, 
      "message": "Start task", 
      "time": "2011-09-26 15:32:23", 
      "workflow": 9
    }
  }
]